OrderID,PaymentMethod,PaymentStatus,PaymentDate
6,Credit Card,Completed,2025-07-09
10,Credit Card,Completed,2025-09-21
27,Net Banking,Pending,2026-04-15
23,Debit Card,Failed,2025-06-20
1,Credit Card,Pending,2025-06-22
16,UPI,Completed,2025-05-26
19,Debit Card,Failed,2025-07-29
7,Debit Card,Failed,2025-07-06
4,Net Banking,Pending,2026-02-13
2,Net Banking,Failed,2025-09-27
6,UPI,Failed,2025-08-10
30,Cash On Delivery,Failed,2025-09-12
28,Net Banking,Pending,2026-03-18
4,UPI,Failed,2026-01-18
10,UPI,Failed,2025-07-09
5,Credit Card,Pending,2026-01-01
4,Credit Card,Pending,2025-10-04
28,Net Banking,Pending,2025-12-03
22,Credit Card,Completed,2026-01-01
1,Net Banking,Failed,2025-09-09
17,Net Banking,Failed,2026-02-11
27,Debit Card,Failed,2026-01-26
4,Debit Card,Failed,2025-08-21
23,Net Banking,Failed,2026-04-12
14,Debit Card,Completed,2025-08-07
26,Net Banking,Failed,2025-06-14
13,Cash On Delivery,Pending,2025-07-23
25,Cash On Delivery,Pending,2025-12-17
11,Credit Card,Pending,2025-10-13
1,Debit Card,Failed,2026-02-17
18,Cash On Delivery,Pending,2025-12-21
17,Net Banking,Failed,2025-09-27
10,Net Banking,Completed,2026-01-10
22,Debit Card,Completed,2026-04-12
12,Credit Card,Pending,2025-12-01
20,Debit Card,Completed,2025-05-27
9,Net Banking,Pending,2025-10-18
21,Cash On Delivery,Completed,2025-12-31
11,UPI,Pending,2025-12-10
21,Cash On Delivery,Completed,2026-02-07
29,Net Banking,Pending,2026-04-26
3,Debit Card,Completed,2025-12-15
19,Credit Card,Failed,2025-09-22
29,Cash On Delivery,Pending,2025-07-16
26,Cash On Delivery,Completed,2025-05-08
7,UPI,Failed,2025-10-01
30,Net Banking,Failed,2025-06-05
18,Net Banking,Completed,2025-08-27
25,Net Banking,Failed,2026-03-04
21,UPI,Failed,2025-11-26
23,Net Banking,Completed,2025-07-18
21,UPI,Failed,2025-06-05
21,Credit Card,Completed,2026-01-31
21,Cash On Delivery,Failed,2026-02-07
20,Debit Card,Completed,2026-02-08
10,Credit Card,Completed,2025-05-15
29,UPI,Pending,2025-10-31
10,Cash On Delivery,Pending,2025-06-05
28,Debit Card,Failed,2026-02-28
2,Cash On Delivery,Pending,2026-04-06
3,Debit Card,Failed,2026-02-21
10,UPI,Failed,2025-09-30
9,Cash On Delivery,Pending,2025-07-22
2,Net Banking,Completed,2025-11-28
10,Net Banking,Completed,2025-05-07
17,Credit Card,Completed,2025-10-31
23,Net Banking,Pending,2025-10-04
8,Net Banking,Completed,2025-12-26
29,Net Banking,Pending,2025-06-03
17,Credit Card,Completed,2025-09-12
28,Cash On Delivery,Failed,2025-10-27
22,Credit Card,Completed,2026-04-08
22,Net Banking,Failed,2025-06-23
23,Credit Card,Completed,2025-07-06
28,Net Banking,Completed,2025-07-21
23,Credit Card,Completed,2026-01-27
2,Credit Card,Failed,2026-04-17
22,Credit Card,Failed,2026-02-03
13,UPI,Failed,2025-12-30
17,Credit Card,Completed,2025-12-25
3,Net Banking,Pending,2026-03-29
17,Cash On Delivery,Pending,2026-02-16
29,Net Banking,Pending,2025-07-23
12,Net Banking,Pending,2025-09-05
16,Debit Card,Completed,2025-08-24
11,UPI,Pending,2026-01-05
14,Credit Card,Failed,2025-07-25
29,Net Banking,Failed,2026-02-07
22,Credit Card,Completed,2025-07-30
5,Net Banking,Pending,2025-05-10
27,UPI,Failed,2025-08-24
16,Cash On Delivery,Completed,2025-07-09
27,Debit Card,Pending,2026-04-21
3,Debit Card,Failed,2025-11-22
17,Cash On Delivery,Completed,2026-03-09
10,Net Banking,Completed,2025-11-24
4,Net Banking,Completed,2025-09-13
30,Cash On Delivery,Completed,2025-10-29
1,UPI,Failed,2026-02-02
12,UPI,Completed,2025-12-21
20,Net Banking,Failed,2025-11-16
8,Net Banking,Pending,2025-11-21
22,Cash On Delivery,Completed,2025-09-10
11,Net Banking,Completed,2025-11-13
3,Cash On Delivery,Pending,2025-06-15
16,Credit Card,Failed,2025-06-09
14,Cash On Delivery,Failed,2026-04-24
7,Net Banking,Completed,2025-05-26
26,Credit Card,Pending,2026-03-04
20,Debit Card,Completed,2026-01-26
9,Credit Card,Failed,2025-11-02
28,Cash On Delivery,Failed,2025-10-20
30,Cash On Delivery,Failed,2026-01-08
6,UPI,Failed,2025-07-09
3,UPI,Failed,2026-04-16
22,UPI,Pending,2025-05-26
4,Debit Card,Pending,2025-11-29
1,Debit Card,Failed,2026-02-15
26,Net Banking,Failed,2026-03-07
23,Debit Card,Pending,2026-04-01
5,UPI,Completed,2026-02-27
7,Net Banking,Completed,2025-11-28
10,Credit Card,Completed,2025-10-02
20,Credit Card,Completed,2025-11-09
29,Net Banking,Pending,2025-08-04
30,Cash On Delivery,Failed,2026-01-20
1,UPI,Failed,2025-05-30
14,Debit Card,Completed,2026-04-05
27,Cash On Delivery,Failed,2026-01-29
29,Credit Card,Failed,2026-04-12
24,Credit Card,Failed,2025-10-30
20,Debit Card,Pending,2026-01-11
19,Net Banking,Completed,2025-05-17
16,Cash On Delivery,Pending,2026-02-22
9,Debit Card,Completed,2025-07-31
25,Credit Card,Failed,2025-08-29
18,Net Banking,Completed,2025-08-28
21,UPI,Pending,2025-06-26
17,UPI,Completed,2026-04-06
22,UPI,Pending,2025-05-18
14,Cash On Delivery,Failed,2026-03-01
10,Debit Card,Completed,2025-06-18
15,Credit Card,Pending,2025-10-07
24,Net Banking,Failed,2025-06-06
30,Cash On Delivery,Completed,2025-09-20
8,UPI,Pending,2026-02-21
2,Cash On Delivery,Pending,2025-06-19
7,Credit Card,Pending,2025-10-04
8,Cash On Delivery,Completed,2025-09-28
12,UPI,Pending,2025-12-20
30,Cash On Delivery,Completed,2025-12-05
8,Cash On Delivery,Failed,2025-12-08
30,Net Banking,Pending,2025-05-21
4,Cash On Delivery,Completed,2025-12-21
23,UPI,Pending,2025-11-25
2,Debit Card,Completed,2025-05-13
23,Cash On Delivery,Pending,2025-06-11
7,UPI,Completed,2026-02-04
2,Debit Card,Completed,2025-06-09
8,Net Banking,Failed,2026-01-16
28,Net Banking,Completed,2025-05-25
17,UPI,Pending,2025-10-04
21,Debit Card,Failed,2026-02-16
4,Cash On Delivery,Completed,2025-12-27
8,UPI,Completed,2025-06-23
7,Debit Card,Failed,2025-08-07
20,Net Banking,Completed,2025-10-30
15,UPI,Pending,2025-06-24
12,Debit Card,Completed,2026-01-12
6,Debit Card,Completed,2026-02-16
19,Net Banking,Failed,2026-03-10
15,Debit Card,Failed,2025-10-30
10,Cash On Delivery,Failed,2026-01-22
8,UPI,Pending,2025-11-24
7,Debit Card,Completed,2025-11-30
18,Debit Card,Completed,2025-06-30
30,Credit Card,Pending,2025-09-08
14,Debit Card,Completed,2026-03-11
11,UPI,Completed,2025-06-01
28,Cash On Delivery,Completed,2025-05-02
10,Net Banking,Completed,2025-10-06
4,Net Banking,Failed,2026-03-03
19,Credit Card,Failed,2025-09-13
27,UPI,Completed,2025-05-13
9,Credit Card,Failed,2025-12-28
17,Debit Card,Failed,2025-10-30
11,Credit Card,Failed,2025-10-14
11,Net Banking,Pending,2025-09-08
16,UPI,Pending,2026-04-26
23,Debit Card,Failed,2025-07-21
27,Cash On Delivery,Failed,2026-04-08
21,Credit Card,Completed,2026-01-01
19,Net Banking,Pending,2025-07-07
22,Cash On Delivery,Completed,2025-12-28
2,Credit Card,Completed,2025-10-26
1,UPI,Pending,2025-09-23
27,Net Banking,Completed,2026-03-02
24,Net Banking,Failed,2025-10-20
14,Net Banking,Completed,2025-05-24
3,UPI,Completed,2026-02-27
29,Cash On Delivery,Completed,2025-06-04
9,Credit Card,Pending,2025-07-04
15,Net Banking,Pending,2026-02-22
14,UPI,Completed,2025-07-27
18,Cash On Delivery,Failed,2025-07-02
12,UPI,Completed,2025-08-10
26,Net Banking,Completed,2025-12-26
12,Debit Card,Completed,2025-10-29
27,Cash On Delivery,Failed,2025-11-28
6,Cash On Delivery,Pending,2026-04-29
25,UPI,Pending,2026-01-22
13,Debit Card,Pending,2025-07-23
9,UPI,Completed,2025-09-22
27,UPI,Completed,2025-06-03
19,UPI,Completed,2026-04-24
28,Credit Card,Completed,2026-01-07
27,Net Banking,Completed,2025-07-22
14,Cash On Delivery,Pending,2026-03-04
22,Cash On Delivery,Pending,2025-09-24
25,Debit Card,Failed,2025-05-18
26,Cash On Delivery,Pending,2026-03-28
15,Debit Card,Failed,2025-06-23
5,Debit Card,Completed,2026-04-29
21,UPI,Pending,2025-11-22
16,Credit Card,Failed,2026-03-18
16,Debit Card,Failed,2026-02-04
5,UPI,Failed,2025-05-10
10,Net Banking,Pending,2026-04-04
6,UPI,Pending,2026-04-05
25,UPI,Pending,2026-03-01
3,Cash On Delivery,Completed,2025-11-26
2,Cash On Delivery,Completed,2025-06-29
8,Credit Card,Completed,2025-08-09
24,Cash On Delivery,Completed,2026-03-22
19,Net Banking,Pending,2026-03-24
17,Debit Card,Pending,2026-03-30
2,UPI,Completed,2026-01-17
8,Credit Card,Completed,2025-12-01
29,Debit Card,Completed,2026-02-21
26,UPI,Failed,2025-06-12
8,Cash On Delivery,Pending,2026-04-24
25,Cash On Delivery,Completed,2026-04-05
11,Net Banking,Completed,2025-12-23
22,Net Banking,Pending,2026-04-03
28,Cash On Delivery,Failed,2026-01-04
2,Credit Card,Pending,2025-09-12
29,UPI,Completed,2025-11-19
15,Credit Card,Completed,2025-11-19
19,UPI,Completed,2025-06-12
6,Net Banking,Failed,2025-10-15
2,Cash On Delivery,Pending,2025-09-08
30,Debit Card,Pending,2026-02-06
30,Debit Card,Completed,2025-12-23
22,Debit Card,Failed,2025-10-21
12,Debit Card,Failed,2025-09-17
23,Net Banking,Failed,2025-08-05
15,Net Banking,Pending,2025-12-05
27,Debit Card,Pending,2025-08-06
14,Debit Card,Failed,2026-01-19
22,Debit Card,Failed,2025-09-03
27,Cash On Delivery,Failed,2025-10-16
30,UPI,Failed,2025-10-22
10,Credit Card,Failed,2025-06-19
30,Debit Card,Failed,2025-12-08
8,Debit Card,Pending,2025-07-19
7,Debit Card,Completed,2025-08-23
15,Net Banking,Failed,2026-01-04
6,Net Banking,Failed,2025-11-13
21,Debit Card,Pending,2025-12-22
19,Net Banking,Failed,2025-05-27
6,Cash On Delivery,Pending,2025-07-27
4,Debit Card,Failed,2025-10-26
2,UPI,Completed,2025-09-03
12,Cash On Delivery,Pending,2025-10-27
20,UPI,Pending,2025-08-24
10,Debit Card,Failed,2025-09-29
28,UPI,Completed,2026-04-06
24,UPI,Completed,2025-09-08
18,Net Banking,Completed,2025-10-07
20,Credit Card,Completed,2025-09-24
2,Credit Card,Pending,2025-10-19
21,Cash On Delivery,Completed,2025-09-01
4,Debit Card,Pending,2025-11-07
22,Net Banking,Pending,2026-01-14
23,UPI,Pending,2025-06-19
5,Cash On Delivery,Pending,2026-04-03
23,Debit Card,Pending,2025-11-17
14,Credit Card,Pending,2025-05-04
11,UPI,Completed,2025-11-11
21,Credit Card,Failed,2026-01-21
3,UPI,Pending,2026-03-14
8,Credit Card,Completed,2025-10-14
28,Net Banking,Failed,2025-11-14
5,Credit Card,Failed,2026-02-03
21,Debit Card,Failed,2026-03-28
6,Credit Card,Completed,2025-05-28
26,Debit Card,Completed,2026-03-04
3,Debit Card,Failed,2025-06-23
23,Cash On Delivery,Completed,2025-09-22
10,Cash On Delivery,Failed,2026-03-03
20,Debit Card,Failed,2026-03-17
30,Cash On Delivery,Failed,2025-10-29
19,Debit Card,Pending,2026-01-30
19,Credit Card,Failed,2026-01-13
20,Cash On Delivery,Completed,2026-01-30
2,Cash On Delivery,Failed,2025-09-30
11,Credit Card,Completed,2025-09-22
2,Debit Card,Pending,2026-01-25
25,Net Banking,Completed,2025-10-13
26,Debit Card,Completed,2025-11-09
9,Cash On Delivery,Completed,2025-09-09
2,Net Banking,Failed,2025-08-08
26,Cash On Delivery,Completed,2026-03-22
27,UPI,Completed,2026-04-22
23,Debit Card,Completed,2026-04-04
6,Debit Card,Pending,2026-02-04
8,Debit Card,Pending,2026-04-25
23,Debit Card,Pending,2025-07-08
12,Credit Card,Completed,2025-08-24
3,Credit Card,Failed,2025-10-10
14,Cash On Delivery,Failed,2025-09-23
20,Credit Card,Pending,2025-10-02
30,Credit Card,Failed,2025-06-14
24,Net Banking,Failed,2025-11-08
19,Cash On Delivery,Completed,2026-04-26
10,Cash On Delivery,Failed,2025-06-19
15,Cash On Delivery,Pending,2026-04-15
13,Debit Card,Completed,2025-12-02
20,Net Banking,Completed,2025-12-21
17,Net Banking,Pending,2026-02-23
21,Cash On Delivery,Pending,2025-12-12
7,Cash On Delivery,Failed,2025-09-01
27,Credit Card,Failed,2025-07-04
3,Credit Card,Failed,2025-09-29
11,Debit Card,Completed,2026-03-25
5,Credit Card,Failed,2026-01-01
19,UPI,Pending,2025-05-23
15,Cash On Delivery,Completed,2025-05-14
17,Cash On Delivery,Completed,2026-01-10
30,Debit Card,Completed,2025-05-10
28,Credit Card,Completed,2025-06-16
23,Credit Card,Failed,2026-04-24
8,Credit Card,Completed,2025-09-06
24,Net Banking,Pending,2025-05-23
9,Debit Card,Completed,2025-07-24
26,Credit Card,Completed,2025-09-03
23,UPI,Pending,2025-10-10
21,Net Banking,Pending,2026-01-22
29,UPI,Pending,2025-07-20
26,Net Banking,Completed,2025-09-24
10,Credit Card,Pending,2025-09-11
4,UPI,Failed,2026-01-02
22,Net Banking,Pending,2026-03-20
7,Net Banking,Failed,2026-04-17
27,Cash On Delivery,Pending,2026-03-04
6,Cash On Delivery,Completed,2026-04-21
9,Net Banking,Completed,2026-03-10
6,Net Banking,Pending,2025-08-23
15,Cash On Delivery,Pending,2025-05-05
1,Cash On Delivery,Pending,2026-03-22
9,Net Banking,Completed,2026-04-06
3,Net Banking,Pending,2026-02-17
5,UPI,Failed,2025-10-27
29,Net Banking,Completed,2025-08-29
22,Cash On Delivery,Failed,2025-06-23
8,Credit Card,Completed,2025-07-29
29,Cash On Delivery,Completed,2026-01-17
29,Credit Card,Failed,2026-02-19
17,Cash On Delivery,Completed,2025-12-22
23,Debit Card,Completed,2025-09-13
28,Net Banking,Completed,2025-11-13
28,Debit Card,Completed,2025-05-18
6,Credit Card,Pending,2026-01-19
27,Cash On Delivery,Pending,2026-02-26
19,Net Banking,Completed,2026-04-11
12,Debit Card,Completed,2025-10-08
9,Credit Card,Failed,2025-05-30
26,Net Banking,Failed,2025-08-27
17,Debit Card,Completed,2025-06-18
4,Cash On Delivery,Pending,2025-09-21
2,UPI,Completed,2025-12-02
22,Debit Card,Failed,2025-05-12
19,Net Banking,Pending,2026-04-19
6,Credit Card,Pending,2025-09-11
3,Net Banking,Pending,2025-06-04
30,UPI,Completed,2025-05-02
27,Debit Card,Pending,2025-11-21
16,Credit Card,Completed,2025-11-22
9,Cash On Delivery,Completed,2025-10-26
14,Debit Card,Completed,2025-05-12
3,UPI,Completed,2026-03-22
1,Credit Card,Completed,2025-09-23
6,Net Banking,Completed,2025-11-30
30,UPI,Failed,2025-06-20
6,Net Banking,Completed,2025-12-30
24,Net Banking,Completed,2026-04-17
13,Debit Card,Completed,2026-02-05
5,Net Banking,Failed,2025-11-07
12,Debit Card,Pending,2025-08-13
22,Debit Card,Completed,2025-08-14
4,Debit Card,Pending,2026-03-29
22,Credit Card,Failed,2025-11-30
5,UPI,Pending,2025-07-06
1,UPI,Pending,2025-12-29
20,UPI,Failed,2025-06-01
28,Debit Card,Pending,2025-08-02
19,Net Banking,Completed,2025-07-17
28,UPI,Completed,2025-06-27
11,Debit Card,Completed,2026-03-29
19,Net Banking,Pending,2025-10-26
25,Debit Card,Completed,2025-09-18
23,UPI,Failed,2025-10-15
13,Credit Card,Failed,2025-09-02
18,Debit Card,Completed,2025-09-17
22,Cash On Delivery,Pending,2026-04-24
3,UPI,Completed,2025-12-24
10,Debit Card,Pending,2026-04-15
29,UPI,Failed,2026-04-15
26,UPI,Pending,2025-11-08
5,Cash On Delivery,Pending,2026-02-27
27,Net Banking,Completed,2026-03-12
23,Credit Card,Completed,2025-09-06
4,Credit Card,Pending,2025-11-03
27,Credit Card,Failed,2025-11-24
7,UPI,Completed,2025-07-06
25,Net Banking,Completed,2025-07-12
13,Net Banking,Pending,2025-05-24
7,UPI,Pending,2026-02-05
7,Net Banking,Pending,2025-06-21
18,Credit Card,Failed,2025-10-28
30,Credit Card,Failed,2026-04-27
7,Cash On Delivery,Failed,2026-04-09
23,Cash On Delivery,Failed,2025-09-19
10,Net Banking,Failed,2025-05-08
6,Debit Card,Pending,2025-09-04
1,Credit Card,Completed,2025-11-23
29,Debit Card,Completed,2025-08-15
2,UPI,Completed,2025-11-19
19,Cash On Delivery,Pending,2026-04-16
19,Credit Card,Pending,2026-04-22
8,Debit Card,Failed,2025-12-25
20,UPI,Completed,2025-07-27
12,Net Banking,Completed,2026-03-22
7,Debit Card,Completed,2025-10-26
5,UPI,Failed,2025-06-17
24,Credit Card,Failed,2025-05-16
10,Cash On Delivery,Pending,2026-01-20
26,UPI,Completed,2025-05-03
20,UPI,Failed,2026-02-18
6,Net Banking,Failed,2026-03-07
17,Net Banking,Completed,2026-04-08
20,UPI,Failed,2026-02-03
26,Cash On Delivery,Pending,2026-02-14
28,Debit Card,Failed,2025-08-04
4,Credit Card,Completed,2025-12-11
12,Credit Card,Failed,2025-08-12
1,Cash On Delivery,Pending,2025-08-25
5,UPI,Pending,2025-12-10
4,UPI,Completed,2026-02-25
20,Credit Card,Failed,2026-04-04
4,Net Banking,Completed,2025-07-08
22,Debit Card,Pending,2026-02-13
2,Net Banking,Completed,2025-11-11
15,Credit Card,Completed,2026-02-10
6,UPI,Failed,2025-09-26
16,UPI,Failed,2026-02-21
7,UPI,Failed,2025-05-03
6,UPI,Failed,2026-02-16
14,Net Banking,Pending,2026-01-21
19,UPI,Failed,2025-11-30
29,Cash On Delivery,Failed,2025-07-06
18,Cash On Delivery,Failed,2026-04-19
4,Debit Card,Pending,2025-09-19
28,UPI,Pending,2025-11-27
7,Debit Card,Completed,2026-03-15
3,Debit Card,Failed,2026-04-05
30,Net Banking,Pending,2025-10-22
22,Credit Card,Pending,2025-07-18
5,Net Banking,Pending,2025-06-13
3,Credit Card,Pending,2025-05-16
16,UPI,Failed,2025-06-22
27,Cash On Delivery,Failed,2026-04-20
3,Debit Card,Pending,2025-05-27
18,UPI,Failed,2025-09-16
4,UPI,Failed,2026-02-26
21,Net Banking,Completed,2025-08-03
18,Debit Card,Completed,2025-05-02
15,Credit Card,Completed,2025-05-10
14,UPI,Pending,2026-02-22
2,UPI,Completed,2025-07-13
15,Debit Card,Pending,2026-01-16
20,UPI,Failed,2025-10-08
19,Net Banking,Completed,2026-02-21
29,Net Banking,Pending,2025-09-18
22,Credit Card,Completed,2025-05-06
17,Net Banking,Completed,2026-01-10
26,Cash On Delivery,Failed,2026-04-24
19,Credit Card,Completed,2025-12-02
14,Debit Card,Completed,2025-05-21
18,Net Banking,Completed,2026-03-06
18,Credit Card,Completed,2026-03-07
1,Cash On Delivery,Failed,2025-12-15
5,Credit Card,Pending,2025-07-07
30,Debit Card,Completed,2025-11-13
6,Credit Card,Failed,2026-02-24
15,Debit Card,Completed,2025-08-12
1,Debit Card,Failed,2026-02-19
1,Cash On Delivery,Completed,2026-03-05
8,Debit Card,Pending,2025-12-07
29,Cash On Delivery,Completed,2026-01-10
10,Net Banking,Pending,2026-04-14
5,Net Banking,Completed,2026-01-01
12,Credit Card,Pending,2026-03-03
14,Net Banking,Pending,2025-10-07
17,Cash On Delivery,Pending,2025-11-24
3,Debit Card,Pending,2026-02-18
29,Debit Card,Pending,2025-09-26
24,Net Banking,Failed,2025-10-27
8,Debit Card,Failed,2025-07-09
4,Cash On Delivery,Completed,2025-06-01
6,Debit Card,Failed,2025-07-20
23,Credit Card,Failed,2025-09-17
30,Cash On Delivery,Completed,2025-11-11
1,Net Banking,Pending,2025-08-31
27,Net Banking,Pending,2025-10-07
5,Debit Card,Failed,2026-01-05
10,Credit Card,Completed,2025-05-15
27,Net Banking,Failed,2026-01-07
7,Credit Card,Pending,2025-07-28
20,Net Banking,Completed,2025-10-28
11,Net Banking,Completed,2025-10-04
11,Net Banking,Failed,2025-07-21
17,Cash On Delivery,Pending,2025-07-10
9,Cash On Delivery,Failed,2025-06-23
5,Net Banking,Failed,2026-03-23
4,Net Banking,Pending,2025-06-09
5,Debit Card,Pending,2025-06-07
5,Debit Card,Pending,2025-05-28
8,Cash On Delivery,Completed,2025-06-26
25,Debit Card,Pending,2025-06-10
29,Cash On Delivery,Pending,2025-05-11
30,Credit Card,Pending,2025-08-30
13,Cash On Delivery,Completed,2025-05-14
1,Debit Card,Completed,2025-06-01
10,Credit Card,Pending,2026-04-27
9,Net Banking,Failed,2025-05-01
25,UPI,Pending,2025-09-08
4,Cash On Delivery,Pending,2026-04-26
3,Net Banking,Pending,2025-05-12
17,Credit Card,Pending,2026-02-28
6,Net Banking,Pending,2025-12-28
25,Debit Card,Failed,2025-08-01
23,Cash On Delivery,Completed,2026-01-29
12,Net Banking,Failed,2026-04-17
28,Credit Card,Completed,2025-11-04
23,Debit Card,Completed,2025-11-28
15,Debit Card,Pending,2025-11-08
23,Credit Card,Failed,2025-11-20
25,UPI,Completed,2025-10-17
25,Credit Card,Pending,2025-12-17
10,Net Banking,Pending,2025-11-08
22,Net Banking,Pending,2026-03-27
15,Debit Card,Failed,2025-09-13
23,Net Banking,Completed,2025-08-21
12,Cash On Delivery,Pending,2025-11-28
3,Debit Card,Completed,2025-08-08
24,Cash On Delivery,Pending,2026-04-13
23,Cash On Delivery,Failed,2025-10-27
15,Net Banking,Failed,2025-08-13
12,Net Banking,Failed,2026-02-13
26,Credit Card,Completed,2025-05-30
13,Credit Card,Completed,2025-05-20
6,Debit Card,Completed,2025-06-09
19,Cash On Delivery,Failed,2025-07-04
28,Credit Card,Completed,2026-01-16
6,Credit Card,Completed,2025-05-16
17,Debit Card,Failed,2025-10-12
22,Credit Card,Completed,2025-07-15
7,UPI,Pending,2025-05-29
11,Cash On Delivery,Completed,2026-03-17
23,Net Banking,Completed,2026-01-11
17,UPI,Completed,2025-07-08
29,UPI,Pending,2025-08-24
16,Cash On Delivery,Completed,2025-06-17
18,Cash On Delivery,Failed,2026-03-09
2,Net Banking,Completed,2025-12-14
19,UPI,Completed,2025-05-27
3,Net Banking,Failed,2025-09-18
8,Cash On Delivery,Pending,2025-10-05
27,Cash On Delivery,Failed,2025-07-03
9,Cash On Delivery,Pending,2026-03-20
23,Net Banking,Completed,2025-07-27
18,Debit Card,Failed,2025-10-16
1,Credit Card,Failed,2025-05-20
20,Credit Card,Pending,2026-04-17
25,Net Banking,Pending,2025-05-12
9,Debit Card,Pending,2025-10-18
28,Credit Card,Pending,2025-11-16
23,UPI,Pending,2025-06-02
6,Net Banking,Pending,2025-11-17
26,Credit Card,Completed,2025-05-14
1,Credit Card,Pending,2025-09-19
23,Credit Card,Completed,2025-06-25
29,Debit Card,Pending,2025-05-22
14,UPI,Failed,2025-10-07
14,Net Banking,Completed,2025-07-27
22,Net Banking,Failed,2026-01-23
15,UPI,Completed,2025-12-15
22,Cash On Delivery,Pending,2026-02-11
14,UPI,Failed,2026-03-21
9,Credit Card,Pending,2026-03-10
20,Net Banking,Completed,2025-07-07
22,Credit Card,Failed,2025-09-15
29,Net Banking,Completed,2025-05-04
27,Debit Card,Failed,2026-04-04
29,Net Banking,Pending,2025-06-23
19,Cash On Delivery,Failed,2026-01-21
2,Cash On Delivery,Completed,2026-04-12
24,Cash On Delivery,Failed,2025-11-16
6,Credit Card,Failed,2025-12-16
5,Credit Card,Pending,2025-05-27
21,Cash On Delivery,Pending,2025-12-31
8,UPI,Pending,2026-04-01
25,UPI,Failed,2026-04-06
13,Net Banking,Completed,2025-07-26
24,Debit Card,Failed,2025-12-18
11,UPI,Completed,2026-02-01
26,Cash On Delivery,Pending,2025-06-14
9,Cash On Delivery,Pending,2025-05-22
16,Net Banking,Pending,2025-11-06
16,Credit Card,Pending,2025-11-19
30,Net Banking,Completed,2025-12-21
22,Net Banking,Pending,2026-04-13
10,Net Banking,Failed,2025-11-20
5,Net Banking,Completed,2025-06-05
10,UPI,Failed,2025-07-23
18,Cash On Delivery,Failed,2025-05-31
11,UPI,Pending,2026-03-17
20,Cash On Delivery,Failed,2025-11-13
21,Credit Card,Failed,2025-06-11
28,UPI,Pending,2026-03-16
26,Cash On Delivery,Completed,2025-10-02
28,Net Banking,Pending,2025-05-15
13,Debit Card,Failed,2025-05-12
9,Debit Card,Completed,2025-05-23
18,UPI,Completed,2025-06-22
27,Cash On Delivery,Pending,2026-03-17
28,Cash On Delivery,Failed,2025-11-30
16,Net Banking,Pending,2025-10-23
6,Net Banking,Pending,2026-03-25
28,Cash On Delivery,Completed,2025-05-04
18,Credit Card,Failed,2025-09-12
16,Net Banking,Failed,2025-05-24
10,Debit Card,Failed,2025-08-30
15,UPI,Pending,2026-01-22
25,Credit Card,Failed,2025-12-10
5,Credit Card,Pending,2026-03-31
15,Net Banking,Failed,2026-02-10
4,UPI,Completed,2025-08-07
28,UPI,Pending,2026-04-03
29,Net Banking,Completed,2025-09-18
23,Credit Card,Failed,2026-01-09
27,Debit Card,Pending,2026-03-22
30,Debit Card,Pending,2025-06-17
22,Net Banking,Pending,2025-05-09
23,Net Banking,Pending,2026-03-18
17,Net Banking,Pending,2025-08-10
9,Debit Card,Failed,2025-11-27
13,UPI,Completed,2025-06-26
13,UPI,Failed,2025-07-27
13,Cash On Delivery,Completed,2025-06-04
13,Credit Card,Failed,2026-04-14
1,Debit Card,Pending,2025-11-08
30,Net Banking,Completed,2025-08-21
4,Credit Card,Failed,2025-08-16
23,UPI,Pending,2025-06-06
6,Credit Card,Completed,2026-01-14
23,Cash On Delivery,Pending,2025-12-06
2,Credit Card,Completed,2026-02-07
27,Credit Card,Pending,2025-05-24
29,Credit Card,Failed,2026-04-27
5,UPI,Pending,2025-10-14
13,Credit Card,Pending,2025-06-10
29,UPI,Completed,2026-03-23
28,Cash On Delivery,Pending,2025-05-07
24,Cash On Delivery,Pending,2026-03-24
8,Debit Card,Completed,2025-09-17
3,Net Banking,Completed,2025-10-01
21,Credit Card,Completed,2026-04-22
18,Cash On Delivery,Failed,2025-06-27
12,Net Banking,Pending,2025-08-27
4,Cash On Delivery,Pending,2025-12-17
3,Credit Card,Failed,2025-07-01
9,Debit Card,Completed,2025-08-25
15,Cash On Delivery,Completed,2026-03-20
19,Cash On Delivery,Pending,2025-06-25
14,Cash On Delivery,Failed,2025-09-17
28,Credit Card,Failed,2025-08-20
29,Net Banking,Pending,2026-02-20
15,Credit Card,Completed,2025-09-21
17,Debit Card,Completed,2025-07-24
29,Cash On Delivery,Failed,2025-12-09
1,Cash On Delivery,Failed,2026-03-01
26,Credit Card,Failed,2026-04-18
27,Cash On Delivery,Pending,2026-04-12
6,Cash On Delivery,Failed,2025-08-19
4,UPI,Failed,2026-02-05
11,Debit Card,Pending,2026-02-03
1,Net Banking,Failed,2026-03-17
20,Cash On Delivery,Completed,2025-05-23
5,Net Banking,Pending,2025-10-01
16,UPI,Pending,2025-11-21
14,Cash On Delivery,Pending,2025-08-30
1,Cash On Delivery,Pending,2025-05-01
28,UPI,Pending,2025-10-22
21,Cash On Delivery,Completed,2025-07-24
14,UPI,Failed,2025-08-16
12,Credit Card,Pending,2025-08-16
25,Credit Card,Failed,2025-12-05
18,Net Banking,Failed,2025-12-30
2,Net Banking,Pending,2025-12-27
11,Cash On Delivery,Failed,2025-12-26
17,Debit Card,Pending,2025-06-17
25,Cash On Delivery,Failed,2026-04-21
13,Cash On Delivery,Pending,2026-02-10
19,Net Banking,Completed,2026-02-20
8,UPI,Failed,2025-09-22
4,UPI,Failed,2025-08-22
12,UPI,Failed,2025-07-21
4,Net Banking,Failed,2025-05-25
4,Debit Card,Pending,2025-09-07
14,Credit Card,Pending,2026-04-04
8,Net Banking,Completed,2026-01-02
3,Net Banking,Completed,2026-04-26
28,Net Banking,Pending,2025-10-05
5,Cash On Delivery,Completed,2026-04-10
20,Debit Card,Pending,2025-12-24
29,UPI,Failed,2025-08-20
16,Net Banking,Failed,2025-11-24
19,Net Banking,Failed,2025-11-09
15,Cash On Delivery,Completed,2025-08-27
23,UPI,Completed,2025-09-18
23,UPI,Pending,2025-10-15
25,Credit Card,Failed,2025-11-03
23,Cash On Delivery,Failed,2026-02-22
11,UPI,Completed,2025-12-23
14,Cash On Delivery,Failed,2025-06-15
2,Debit Card,Failed,2025-09-20
7,Cash On Delivery,Completed,2026-02-02
19,Net Banking,Failed,2026-02-23
20,Net Banking,Failed,2025-08-07
6,Net Banking,Pending,2025-10-03
10,Credit Card,Completed,2025-11-24
23,Cash On Delivery,Completed,2026-01-30
4,UPI,Failed,2025-10-05
16,Net Banking,Completed,2025-09-27
12,UPI,Completed,2025-11-24
12,Cash On Delivery,Failed,2025-05-31
6,Debit Card,Completed,2026-01-26
23,Credit Card,Failed,2025-09-14
20,Net Banking,Pending,2025-05-31
6,UPI,Completed,2025-12-11
24,Net Banking,Failed,2025-06-30
26,Net Banking,Pending,2025-12-29
15,Net Banking,Failed,2025-12-28
18,Credit Card,Failed,2025-11-21
9,Net Banking,Failed,2025-10-04
19,Debit Card,Completed,2026-01-08
24,Net Banking,Failed,2025-05-25
2,Net Banking,Completed,2025-05-24
7,Net Banking,Pending,2026-01-02
8,UPI,Completed,2025-05-06
19,UPI,Pending,2025-09-02
12,Cash On Delivery,Pending,2025-09-03
7,Debit Card,Pending,2025-11-14
21,Debit Card,Failed,2025-07-29
19,Credit Card,Completed,2026-03-15
1,Credit Card,Pending,2026-01-09
24,Debit Card,Completed,2025-10-06
19,Debit Card,Failed,2026-04-04
14,Debit Card,Pending,2025-10-25
28,Cash On Delivery,Pending,2025-10-15
28,UPI,Pending,2025-06-01
25,Net Banking,Pending,2025-11-17
3,UPI,Pending,2025-07-23
27,Debit Card,Pending,2025-09-30
19,Credit Card,Failed,2025-10-18
7,UPI,Failed,2025-08-10
17,Cash On Delivery,Failed,2025-07-03
1,Net Banking,Failed,2025-06-02
18,Cash On Delivery,Completed,2026-04-22
13,UPI,Pending,2025-12-03
30,UPI,Pending,2025-07-31
25,UPI,Completed,2025-10-17
22,UPI,Pending,2025-05-20
30,Net Banking,Pending,2025-11-11
18,Cash On Delivery,Completed,2026-01-15
4,Debit Card,Failed,2026-01-20
20,UPI,Failed,2025-07-08
10,Credit Card,Completed,2025-11-09
24,UPI,Pending,2026-01-08
7,UPI,Completed,2025-09-25
8,UPI,Pending,2026-01-20
9,Credit Card,Completed,2025-07-01
16,Credit Card,Failed,2025-08-27
6,UPI,Pending,2026-02-26
14,Net Banking,Failed,2025-08-30
10,Net Banking,Pending,2025-06-13
13,Debit Card,Completed,2025-12-16
6,UPI,Failed,2025-10-02
26,Cash On Delivery,Pending,2025-08-25
3,Cash On Delivery,Failed,2026-03-05
19,Cash On Delivery,Completed,2025-09-10
15,UPI,Completed,2026-02-03
30,UPI,Pending,2025-12-24
18,UPI,Pending,2025-11-11
23,Debit Card,Completed,2025-08-24
5,UPI,Completed,2026-03-23
24,Cash On Delivery,Pending,2025-09-25
30,Credit Card,Failed,2025-10-19
5,Credit Card,Completed,2025-05-07
3,Credit Card,Completed,2026-04-19
25,Net Banking,Pending,2026-02-05
17,UPI,Failed,2025-05-13
30,Cash On Delivery,Pending,2025-05-05
30,Net Banking,Completed,2025-11-23
15,Net Banking,Failed,2025-07-19
3,Credit Card,Completed,2026-01-24
27,Credit Card,Failed,2025-10-27
19,Debit Card,Pending,2025-08-23
18,Cash On Delivery,Failed,2025-10-19
14,Credit Card,Pending,2026-03-20
24,Credit Card,Pending,2025-11-25
21,Debit Card,Pending,2025-12-25
1,Net Banking,Pending,2026-01-16
25,Debit Card,Completed,2026-02-28
1,Debit Card,Completed,2025-05-17
17,Debit Card,Pending,2025-12-16
7,Credit Card,Failed,2025-05-01
1,Net Banking,Completed,2025-05-19
10,Credit Card,Completed,2025-12-06
20,UPI,Pending,2025-11-13
19,Net Banking,Failed,2026-02-09
13,Net Banking,Completed,2026-03-09
7,Cash On Delivery,Completed,2025-05-10
6,UPI,Pending,2025-05-29
5,Net Banking,Completed,2025-12-25
8,Cash On Delivery,Completed,2026-02-08
14,Credit Card,Failed,2025-11-05
5,Debit Card,Pending,2025-10-21
5,Cash On Delivery,Completed,2025-11-27
6,Net Banking,Pending,2025-08-30
19,Net Banking,Completed,2025-11-21
14,UPI,Pending,2025-05-25
3,Debit Card,Pending,2025-05-23
18,UPI,Completed,2025-06-26
8,Cash On Delivery,Pending,2025-05-21
3,Credit Card,Failed,2025-06-16
22,Cash On Delivery,Completed,2025-08-09
15,UPI,Pending,2025-11-30
12,Cash On Delivery,Failed,2026-02-11
24,Cash On Delivery,Completed,2026-04-26
12,Cash On Delivery,Completed,2025-10-05
11,Cash On Delivery,Pending,2026-03-09
10,Net Banking,Pending,2025-12-14
10,Cash On Delivery,Pending,2025-06-28
13,Net Banking,Failed,2026-02-24
17,Debit Card,Failed,2026-02-05
13,Cash On Delivery,Failed,2025-12-16
22,Credit Card,Pending,2025-06-18
7,Cash On Delivery,Completed,2025-07-16
20,Debit Card,Pending,2025-08-06
22,Net Banking,Failed,2025-05-25
3,Debit Card,Pending,2025-08-28
11,Net Banking,Failed,2026-02-07
10,Cash On Delivery,Completed,2026-04-22
10,Credit Card,Failed,2025-06-08
13,Cash On Delivery,Pending,2026-01-18
22,Credit Card,Completed,2025-07-12
22,Credit Card,Pending,2025-05-11
27,Net Banking,Pending,2025-05-13
5,Net Banking,Completed,2025-09-11
16,Credit Card,Pending,2025-11-04
1,Cash On Delivery,Pending,2026-04-24
12,Net Banking,Completed,2025-07-09
24,UPI,Failed,2025-10-23
21,Credit Card,Completed,2025-09-12
20,Debit Card,Failed,2025-05-16
10,Cash On Delivery,Failed,2025-12-16
24,Cash On Delivery,Completed,2026-01-21
17,Cash On Delivery,Completed,2025-06-05
19,Debit Card,Failed,2026-03-18
11,UPI,Completed,2026-04-28
25,Cash On Delivery,Completed,2026-01-18
22,Net Banking,Failed,2026-02-13
18,Net Banking,Failed,2026-03-20
23,Credit Card,Completed,2025-08-08
19,Cash On Delivery,Failed,2025-09-17
25,Credit Card,Failed,2025-09-11
23,Credit Card,Pending,2025-05-25
3,Debit Card,Pending,2025-11-15
28,Net Banking,Failed,2025-11-11
15,Credit Card,Failed,2026-03-12
12,Cash On Delivery,Failed,2025-08-24
21,Cash On Delivery,Failed,2026-01-10
8,Debit Card,Pending,2025-06-01
21,UPI,Completed,2025-09-14
21,Debit Card,Completed,2025-09-23
16,Cash On Delivery,Failed,2025-09-22
22,Debit Card,Completed,2025-05-02
17,Credit Card,Completed,2025-11-29
28,Cash On Delivery,Pending,2025-05-23
22,Net Banking,Completed,2025-05-09
2,Credit Card,Pending,2025-12-30
3,Net Banking,Completed,2025-11-14
27,Debit Card,Pending,2025-08-10
11,Credit Card,Completed,2025-07-16
7,UPI,Pending,2025-05-18
18,UPI,Failed,2025-05-17
10,Debit Card,Failed,2025-08-21
16,Cash On Delivery,Completed,2025-10-26
5,Cash On Delivery,Pending,2026-02-14
17,Net Banking,Pending,2025-06-22
3,Debit Card,Pending,2025-10-18
17,Cash On Delivery,Completed,2025-09-13
20,Debit Card,Completed,2025-12-29
26,Net Banking,Pending,2026-03-03
29,Cash On Delivery,Pending,2025-08-16
4,Debit Card,Pending,2025-10-25
15,Debit Card,Pending,2025-09-24
27,Net Banking,Completed,2026-04-11
27,Net Banking,Pending,2025-05-23
1,Net Banking,Failed,2025-11-09
20,Credit Card,Completed,2025-12-08
17,Cash On Delivery,Completed,2026-01-24
7,Credit Card,Completed,2026-04-16
8,Debit Card,Completed,2025-05-31
21,Net Banking,Failed,2025-06-07
12,Cash On Delivery,Pending,2025-05-02
5,UPI,Failed,2025-10-02
2,Debit Card,Failed,2026-04-04
6,Cash On Delivery,Pending,2025-12-06
28,Debit Card,Pending,2025-05-27
2,Net Banking,Pending,2026-02-03
25,UPI,Failed,2025-07-24
7,Net Banking,Failed,2025-09-20
20,Debit Card,Pending,2025-05-06
26,UPI,Completed,2025-10-04
30,Credit Card,Completed,2026-01-01
22,Net Banking,Completed,2025-10-09
7,Credit Card,Failed,2026-04-15
25,Credit Card,Pending,2025-07-15
3,Debit Card,Completed,2025-11-30
7,Credit Card,Completed,2025-10-15
23,Cash On Delivery,Failed,2025-06-24
28,UPI,Failed,2026-03-22
8,Net Banking,Failed,2025-06-19
20,Credit Card,Completed,2025-10-03
5,Credit Card,Failed,2025-07-10
22,Debit Card,Completed,2025-09-06
27,Net Banking,Failed,2026-04-28
27,Cash On Delivery,Completed,2025-05-22
27,Credit Card,Completed,2025-10-11
3,Net Banking,Completed,2025-08-28
30,Cash On Delivery,Failed,2025-06-04
15,Cash On Delivery,Pending,2025-12-24
29,Cash On Delivery,Completed,2025-08-24
6,UPI,Failed,2025-09-22
27,UPI,Pending,2026-03-02
29,Credit Card,Failed,2025-10-01
1,Debit Card,Failed,2025-10-14
2,Debit Card,Completed,2025-05-06
8,Net Banking,Failed,2025-09-19
13,Net Banking,Pending,2025-11-30
13,Cash On Delivery,Completed,2025-12-02
19,Debit Card,Failed,2025-08-20
20,Credit Card,Pending,2025-12-08
19,Debit Card,Failed,2025-06-13
8,Debit Card,Pending,2025-05-13
26,Credit Card,Failed,2026-01-24
24,Credit Card,Failed,2026-01-01
22,Debit Card,Failed,2025-12-30
23,Debit Card,Failed,2025-08-05
27,UPI,Failed,2025-07-25
19,Credit Card,Completed,2025-11-19
9,Credit Card,Failed,2025-09-15
17,Cash On Delivery,Completed,2026-03-19
24,UPI,Completed,2025-11-28
21,Net Banking,Failed,2025-09-21
25,Credit Card,Pending,2025-06-22
26,Debit Card,Completed,2025-06-23
5,UPI,Completed,2025-11-05
1,Credit Card,Failed,2025-06-07
24,Debit Card,Failed,2026-03-28
9,Credit Card,Pending,2025-12-29
6,Credit Card,Failed,2025-08-15
5,Debit Card,Failed,2025-11-14
14,Debit Card,Pending,2026-03-10
4,Net Banking,Pending,2025-11-03
1,Debit Card,Failed,2025-10-23