ProductName,CategoryID,Price,Stock
Stainless Steel Cutlery Set,3,1914,147
Smartphone Camera Lens Kit,1,2235,83
Vegetable Stir-Fry Sauce,2,893,10
Puffed Rice Cake,1,4500,162
Herbed Couscous,4,3076,199
Slim Fit Chinos,1,479,97
Infrared Space Heater,2,1494,147
Spinach and Feta Wraps,2,4237,16
Crew Neck Sweater,1,2972,37
Fitness Jump Rope,2,157,80
Organic Coconut Flakes,1,4855,113
Vegetable Korma,1,2122,57
Pleated Midi Dress,4,2511,20
Professional Chef Knife,4,4842,39
Whole Chicken,2,2361,40
Travel Makeup Organizer,4,4009,134
Coconut Yogurt,4,1636,144
Dog Collar,2,3177,109
Mango Chia Pudding,1,2009,92
Smart Scale,3,2191,72
Hummus Trio Pack,1,1511,69
Cordless Electric Screwdriver,3,4852,79
Organic Coconut Oil,2,4285,49
Pet Activity Tracker,1,3358,40
Suede Ankle Booties,1,3520,72
Hot Salsa,2,3186,40
Noise-Canceling Headphones,1,935,14
Mini Air Purifier,2,1438,127
Garlic Parmesan Roasted Nuts,2,3195,107
Electric Skillet,4,1677,186
Mini Projector,2,4236,82
Artisan Bread,2,1527,91
Pasta Salad Kit,3,4709,81
Cheddar Cheese Crackers,3,1112,133
Car Seat Organizer,3,1843,104
Sweet Potato Chips,4,4542,113
Microfiber Cleaning Cloth Set,2,1668,153
Brownie Bites,3,3162,198
Screen Cleaning Kit,3,2703,63
Fitness Tracker Watch,4,2929,104
Wireless Charger Stand,1,2328,192
Maple Almond Butter,4,2718,39
Dual Function Electric Skillet,1,2926,96
Folding Pocket Knife,3,813,98
Telescope,3,4808,29
Chocolate Dipped Fruit,2,188,160
Smart WiFi Plug,4,4296,106
High-Speed Hand Blender,3,2217,42
Fitbit Activity Tracker,4,3061,27
Watering Can with Nozzle,4,1634,108
LED Flashing Pet Collar,4,3452,142
Sun-Dried Tomato Pesto,1,1438,156
Almond Butter Granola Bars,3,512,197
Quinoa and Kale Salad Kit,4,1916,38
Smartphone Gimbal Stabilizer,2,3105,198
Mediterranean Couscous Salad,2,3353,133
Tailgating Set,4,3450,155
Classic Pesto Sauce,4,220,53
Graphic Tee,2,3839,134
Frozen Berry Blend,2,3977,63
Bluetooth Tracker,3,4902,157
Arcade Game Machine,2,2618,43
Matcha Green Tea Powder,4,4317,81
Home Karaoke System,2,1847,200
Rain Jacket,3,4756,108
Screen Cleaning Kit,3,4547,133
Mesh Laundry Bags Set,2,326,61
Solar String Lights,1,3101,180
Laptop Sleeve,3,1842,50
Walnut Halves,2,3553,63
Eco-Friendly Disposable Plates,2,3185,96
Portable Solar Path Lights,3,837,19
Baked Falafel,1,214,65
Electric Wax Warmer,2,2026,138
USB Flash Drive,4,847,81
Garlic Parmesan Roasted Nuts,4,2416,115
Backpack,2,847,167
Mediterranean Chickpea Bowl,1,1037,47
Spicy Thai Noodles,1,1193,154
Solar String Lights,4,1671,66
Electric Fondue Pot,2,2012,141
Balsamic Glazed Brussels Sprouts,4,1323,115
Pasta Maker Machine,3,2877,127
Under Desk Footrest,2,3791,154
Taro Chips,3,3885,132
Maple Almond Butter,3,2545,133
Foldable Yoga Mat Carry Bag,4,464,104
Graphic Sweatshirt,3,1801,159
Balsamic Vinegar,3,1906,180
Vegetarian Stir Fry Sauce,2,4546,169
Black Bean Soup,3,2582,176
Mini Hand Gesture Drone,1,313,162
Sea Salt Caramel Brownie,1,4637,91
Spicy Tuna Sushi Kit,4,1452,52
Maple Almond Yogurt,3,903,200
Salsa Verde,3,2475,107
Dark Chocolate Bars,1,1158,174
Sliced Avocado,1,2628,67
Multi-Function Meat Tenderizer,3,1301,12
Ground Cinnamon,4,3566,157
Kids' Dinosaur-Themed Lunchbox,2,512,110
Personal Blender with Travel Cup,4,3850,177
Silicone Ice Cube Tray,3,2395,160
Weighted Blanket,2,2593,91
Buffalo Chicken Dip,2,4118,125
Chili Lime Shrimp,3,4742,123
Pet Water Fountain,2,2537,193
Thai Red Curry Paste,4,4085,115
Ceramic Planter Set,4,2908,110
Compact Umbrella,4,687,93
Personal Blender with Cups,3,3930,81
Organic Coconut Flakes,1,1178,86
Portable Pet Bathing Tool,4,1311,111
Caramelized Onion Dip,4,3703,14
Natural Peanut Butter,1,1693,71
Smartphone Tripod with Bluetooth Remote,1,4399,19
Oven Mitts with Pocket,3,3547,22
High-Quality Yoga Mat,4,2481,167
Kids' Art Easel,1,187,106
Balsamic Salad Dressing,1,3028,167
Thai Basil Fried Rice,2,821,30
Chocolate Chip Cookie Mix,1,3449,123
Self-Cleaning Water Bottle,1,4096,189
Screen Cleaning Kit,3,1145,73
Organic Apples,3,2311,54
Snap-On Tupperware Set,4,4234,13
Peanut Butter Pretzel Nuggets,3,4841,180
Jennifer's Amazing Lip Balm Kit,3,2969,151
Mini Meatballs,4,4171,113
Honey Nut Cheerios,2,227,57
Self-Watering Planters,1,2607,176
Cucumber Relish,3,3364,70
Foldable Picnic Table,2,399,177
Electric Heat Pad,4,1150,86
Smartphone Projector,1,4435,122
Kids' Educational Tablet,3,4934,108
Peach Slices in Syrup,1,4464,153
Chocolate Mint Thins,1,2421,145
Pet Hair Remover,3,2595,27
Creamy Ranch Dressing,4,1307,114
Smoked Gouda Cheese,1,558,134
A-Line Skirt,1,1931,35
Chocolate Dipped Fruit,4,3393,37
Brown Rice,3,3673,183
Cold Brew Coffee Concentrate,3,790,192
Oven-Baked Chicken Tenders,1,4317,165
Honey Garlic Shrimp,4,4590,98
Vegetable Stir-Fry Kit,1,4715,146
Honey Garlic Sauce,4,1887,20
Chocolate Syrup,4,127,35
Striped Long Sleeve Shirt,2,2924,71
Classic Black Dress,2,2051,127
Apple Cinnamon Instant Oatmeal,4,2738,181
Adjustable Kneeling Pad,3,2970,61
Apricot Jam,4,2002,165
Inflatable Party Cooler,2,1990,95
Lemon Herb Quinoa,1,1450,67
Coconut Cream Pie,1,684,144
Pepper Jack Cheese Sticks,4,4053,51
Cinnamon Ice Cream,1,4451,124
Cotton Basic Tank,3,1208,48
Frozen Fruit Medley,2,204,99
Zucchini Noodles,4,3369,187
Peach Salsa,3,428,99
Teriyaki Chicken Wings,2,4566,160
Coffee Capsule Dispenser,2,2266,195
Outdoor Inflatable Pool,3,1285,176
Coconut Oil Spray,1,991,86
Organic Spinach,4,3863,24
Natural Fruit Snacks,4,4762,186
Plant Growing Kit,1,2762,147
Energy Protein Bars,3,2767,102
Sea Salt Tortilla Chips,4,187,122
Set of Measuring Spoons,4,1786,45
Artisan Flatbreads,2,829,154
Coconut Water,4,4427,84
Pet Travel Backpack Carrier,1,726,151
Multi-Layer Food Steamer,4,4341,198
Honey Sesame Cashews,1,2007,83
Indoor Grill,4,477,179
Wall-Mounted Organizer,2,589,163
Mango Chunks,4,3999,39
Sliced Ham,3,954,193
Mini Air Hockey Table,4,2689,101
Handheld Garment Steamer,1,2164,91
Portable Bluetooth Headphones,4,4192,122
Peanut Butter,2,2530,130
Kids' Building Blocks,4,4230,170
Zesty Garlic Hummus,3,353,48
Collapsible Folding Chair,2,4566,76
Foam Roller for Muscle Recovery,1,2058,65
Peanut Butter Banana Smoothie Mix,2,471,51
Fitness Mat,4,2574,88
Sweet Potato & Kale Hash,3,2097,82
Aeropress Coffee Maker,1,4129,79
Organic Baby Spinach,3,2563,61
Children's Science Experiment Lab Kit,4,3699,12
Adjustable Laptop Desk,1,4045,115
Spicy Tuna Salad,4,3855,95
Organic Green Lentils,4,592,20
Kids' Outdoor Explorer Kit,2,4262,33
Garden Kneeler and Seat,4,4164,197
Vegan Caesar Dressing,4,527,175
Teriyaki Salmon Fillets,3,2722,128
Ripped Boyfriend Jeans,2,1450,84
Banana Chips,4,4220,100
Mechanical Pencil Set,1,135,124
Sea Salt Tortilla Chips,3,721,24
Sooji (Semolina),1,2253,178
Pumpkin Puree,4,1100,135
Lemon Zest Olive Oil,4,191,30
Organic Green Lentils,4,1992,28
Set of Herb Garden Markers,1,3645,149
DIY Organic Gardening Kit,3,1570,57
Cucumber Relish,2,722,85
Chipotle Sauce,3,4220,43
Portable Speakers,2,2329,146
Electric Hot Pot,4,2757,145
Sesame Garlic Stir-Fry Sauce,1,3617,14
Wall-Mounted Bookshelf,4,1265,162
Kale Salad Kit,1,1758,44
Ramen Noodles,4,1187,184
Frozen Edamame,3,3002,129
Lemon Dill Chicken Skewers,2,178,187
Chocolate Mint Protein Shake,1,628,200
Organic Almonds,3,2415,28
Hydration Backpack,3,155,92
Sustainable Wooden Toys,1,1510,37
Walnut Halves,4,1982,60
Popcorn Chicken,2,4597,163
Chili Lime Shrimp,1,943,187
Oven Mitts,3,867,95
Coconut Cream Pie Yogurt,4,4337,183
Eco-Friendly Notepad,3,2670,145
Children's Garden Tool Set,1,4360,189
Kids' Craft Supplies Set,3,2657,70
Cacao Nibs,1,2717,181
Scented Candle Set,2,1546,190
Fishing Rod,2,2605,22
Athletic Sports Bra,1,339,45
Athletic Sports Bra,4,1439,52
Greek Yogurt Parfait,2,271,139
Cinnamon Sugar Donuts,3,4710,182
Cereal Dispenser with Portion Control,4,1653,158
Stuffed Grape Leaves,3,3196,92
Italian Pasta,4,890,170
Vegetable Korma,3,3566,80
Electric Blanket,4,2542,137
Garlic Butter Shrimp,1,1236,29
Coffee Making Kit,3,1668,77
Eco-Friendly Notepad,4,2312,65
Art Supplies Organizer,1,935,32
Shower Curtain Hooks,3,4225,152
Wall-Mounted Bookshelf,4,4789,189
Sweet Potato Mash,1,1730,39
Tea Infuser,2,131,153
Honey Mustard Dip,4,4917,16
Almond Coconut Granola,3,4992,107
Compact Digital Camera,2,1721,126
Vanilla Almond Granola,3,1327,97
Striped Long Sleeve Shirt,2,1300,103
Robot Vacuum Cleaner,1,4653,165
Indestructible Dog Toy,2,4460,196
Dried Mango Slices,1,4156,129
Garlic Breadsticks,1,2610,107
Mini Electric Kettle,1,3366,182
Digital Drawing Tablet,2,4997,44
Car Sunshade,4,3682,22
Asian Stir-Fry Vegetables,4,990,58
Mini Electric Kettle,2,3847,115
Apple Cinnamon Oatmeal,2,3136,187
LED Strip Lights,1,3516,188
Gardening Fairy Figurines,1,3155,128
Scented Candle Set,4,3814,54
LED Flashing Pet Collar,4,3063,122
Gaming Headset,3,821,117
Reflective Safety Vest,2,3159,42
Camera Lens Cleaning Kit,4,4322,21
Vacuum Sealer Machine,1,729,107
Cable Knit Cardigan,2,3426,52
Silicone Baking Mat Set,4,4587,64
Maple Bacon Popcorn,1,3358,164
Wireless Gaming Headset,4,1816,42
Smart Wi-Fi Camera,3,1785,144
Hydration Backpack,2,4648,169
Spiced Pumpkin Soup,1,2714,158
Comfort Flats,4,3612,198
Portable Charger with Solar Panel,4,697,168
Electric Egg Cooker,1,2426,24
Key Finder,4,4268,78
Coconut Oil Spray,4,2155,53
Italian Herb Balsamic Marinade,4,2633,149
Kale Chips,4,4601,105
LED Desk Lamp,1,4129,99
Flavored Popcorn Mix,3,4050,192
Creamy Coleslaw Mix,1,493,169
Frozen Mixed Vegetables,2,2088,156
Herbed Goat Cheese,4,3598,75
Watercolor Brush Pens,2,4808,46
High-Waisted Skirt,4,3872,151
Adjustable Laptop Desk,3,854,26
Kettle BBQ Grill,1,996,159
Turmeric Ginger Tea,3,4162,90
Almond Coconut Granola,1,334,165
Graphic Sweatshirt,1,1595,67
Lemon Garlic Shrimp,2,337,170
Electric Milk Frother,1,643,97
Classic Minestrone Soup,4,1963,147
Organic Quinoa Salad,1,3222,23
Digital Voice Recorder,1,325,168
Organic Vanilla Bean Ice Cream,3,2757,138
Graphic Tee,1,179,56
Sous Vide Cooker,1,2083,68
Kale and Quinoa Salad,1,2743,105
Fire Roasted Salsa,3,4357,50
Stuffed Peppers with Quinoa,1,2510,100
Peanut Butter Banana Smoothie Mix,2,298,49
Veggie Lovers Pizza,1,4358,176
Professional Chef Knife,2,4880,17
Avocados,4,829,30
Cotton Tote Bag Set,2,2084,23
Greek Yogurt Parfait,3,3214,70
Self-Adhesive Wallpaper,2,3983,137
Electric Hot Pot,4,3523,93
Spiralizer,1,1753,91
Vegan Alfredo Sauce,3,3848,177
Wireless Security Camera,4,3500,18
Gardening Fairy Figurines,1,1772,11
Beef Stroganoff Meal Kit,1,523,117
Vegan Protein Powder,4,4529,83
Gaming Headset,2,3162,138
DIY Candle Making Kit,3,1406,196
Eggs (dozen),2,551,184
Spinach and Ricotta Ravioli,3,1760,169
Nutty Trail Mix,1,4195,200
Inflatable Paddle Board,4,4661,181
Basil Pesto Pasta,1,1835,128
Denim Jacket,4,205,173
Siphon Coffee Maker,4,2484,11
Pumpkin Waffles,4,270,186
Slingback Sandals,1,2970,22
Athletic Sports Bra,3,1540,134
Smart Wi-Fi Camera,3,3192,80
Savory Rice Cakes,3,1742,94
Hair Dryer,1,2794,112
Electric Griddle,4,1149,35
Wireless Game Controller,2,3034,65
Gardening Tools Set,1,1917,99
Travel Eye Mask with Ear Plugs,4,3108,67
Knitted Infinity Scarf,1,2574,149
Blueberry Oatmeal Cups,1,3784,19
Italian Breadsticks,4,4220,125
Camping Chair with Cooler,4,2222,171
Children's Garden Tool Set,1,4100,188
Almond Flour Cookies,4,1244,128
Vegan Tacos,4,4722,125
Ski Goggles,2,341,13
Foot Massager,1,2723,55
Mango Chunks,3,3404,44
Memory Foam Mattress Pad,2,2192,67
Honey Sriracha Chicken Bites,4,4399,165
Insulated Coffee Mug,1,171,100
Educational STEM Kit,2,2812,160
Oven Mitts,2,3598,107
Pet Water Fountain,1,2407,156
Veggie Lovers Pizza,2,4121,153
Organic Granola,3,865,73
Portable Bluetooth Headphones,4,3864,140
Electric Kettle with Temperature Control,2,762,24
Honeycrisp Apple Chips,1,4349,127
Sun-Dried Tomato Pesto,4,474,76
Kale & Quinoa Salad Mix,4,3995,83
Woven Storage Baskets,2,3554,77
Spinach and Feta Wraps,2,1774,25
Wooden Kitchen Utensil Set,3,2305,185
Electric Pressure Washer,3,318,126
Wine Decanter,1,589,169
Chocolate Protein Powder,4,392,95
Cherry Almond Protein Bar,2,1449,34
Savory Quinoa Pudding,1,4073,133
Cable Knit Beanie,1,2330,155
Almond Joy Protein Bars,1,515,78
Silicone Wine Glasses,1,4455,83
Dog Car Seat Cover,2,3085,190
Coconut Curry Chicken,3,1091,185
Outdoor Sports Backpack,4,1249,151
Garden Hose Reel,2,4786,161
Camping Chair,1,3319,139
Low-Fat Yogurt,2,526,105
Induction Cooktop,1,1098,183
Infrared Thermometer Gun,2,2924,129
Handheld Vacuum,2,4864,89
Sturdy Bookends,2,2615,185
Rice Cakes,1,4027,68
Dual Function Electric Skillet,1,4610,169
Canned Coconut Milk,4,4098,162
Sculpting Kit,3,120,151
Falafel Mix,1,135,137
Magic Color-Changing Mug,1,4452,87
Garden Tool Set with Carrying Bag,2,4712,58
Spicy Kimchi,3,2786,39
Streaming Device,3,423,163
Adjustable Stand for Tablets and Smartphones,2,951,109
Crew Neck Sweater,3,2347,142
Portable Solar Charger,4,2048,152
Blender Bottle,3,281,171
Silicone Ice Cube Tray,2,2904,88
Pet Food Storage Container,1,3242,185
Pineapple Coconut Yogurt,4,1264,153
Applewood Smoked Bacon,3,440,117
Smoked Paprika Chicken Thighs,2,3914,84
Jasmine Rice,1,700,140
DIY Lip Balm Making Kit,1,1661,145
Handmade Leather Wallet,2,4720,40
Portable Hammock Swing,1,4098,21
Cheese Stuffed Jalapenos,2,2308,73
Chocolate Chip Cookie Dough,2,4495,68
Maple Almond Yogurt,1,4225,199
Electric Griddle with Removable Plates,1,1030,33
Smart Light Switch,1,580,80
Organic Fruit Salad,2,4413,69
Chili Con Carne Mix,2,1981,122
Pepper Jack Cheese Slices,1,4039,140
Chocolate Mint Protein Shake,1,2100,28
Maple Cinnamon Granola,1,1655,149
Elegant Lace Dress,3,3905,160
Chocolate Mint Protein Shake,4,3405,11
Key Finder,3,2967,134
Outdoor Picnic Blanket,4,3470,163
Honeycrisp Apples,4,4960,151
Lentil Soup (canned),1,1045,68
Garlic Parmesan Roasted Nuts,4,2297,97
Portable Solar Generator,1,1093,173
Scent Diffuser,4,2899,38
Over-The-Door Shoe Organizer,4,347,189
Portable Pet Stroller,2,4146,195
Tennis Racket,4,290,35
Breathable Face Mask Set,1,542,143
Wireless Music Receiver,3,1132,119
Reusable Silicone Food Storage Bags,1,2385,136
Coconut Rice,1,1784,85
Vegan Cheese,4,1532,146
Kids' Art Supplies Kit,1,4576,165
Pet Travel Bed,4,130,160
V-Neck Sweater,1,3880,104
Crew Neck Sweater,3,2928,165
Classic Pumps,2,2518,150
Smartphone Gimbal,1,3948,127
Organic Cucumber,4,1914,15
Chocolate Chip Cookie Mix,2,641,132
Hand Crank Blender,4,2670,157
Organic Cucumber,4,675,195
Beef Taco Skillet,2,2696,159
Watering Can with Nozzle,3,1522,85
Pretzel Bites,2,229,187
Heart-Shaped Baking Molds,3,3550,167
Bock Beer Mustard,3,3227,26
Cocoa Powder,3,3814,137
Self-Watering Planter,3,2661,144
DIY Candle Making Kit,2,2542,76
Camera Lens Cleaning Kit,3,4589,75
Herb Drying Rack,2,1135,71
Wine Decanter,2,3868,120
Set of Herb Garden Markers,1,3032,44
Rice Pilaf Mix,4,2563,34
Carrot Sticks,4,4790,65
Fruit and Nut Medley,4,406,140
Fitness Tracker Watch,3,4114,173
Sweet Corn Fritters,1,1968,64
Home Delivery Food Journal,4,4614,137
USB Desk Fan,1,2313,21
Mobile Workbench,3,339,52
Smart Plug,3,4790,28
Plant Pot Drip Trays,2,1688,134
Hiking Water Bottle with Filter,3,318,145
Digital Bullet Journal,4,4240,46
Gardening Kneeler and Seat,2,2150,192
Organic Green Tea,3,3971,85
Creative Puzzle Game,3,3059,184
Shoe Organizer,2,286,114
Kettle Corn Popcorn,1,453,136
Vanilla Pudding Mix,3,3793,46
Personalized Pet ID Tags,1,106,26
Pressure Cooker,2,1767,142
Banana Nut Muffins,3,2126,111
Inflatable Paddle Board,4,3742,143
Laptop Sleeve,4,1167,173
Organic Green Tea,4,3880,97
Smart LED Desk Lamp,3,3535,120
Banana Nut Muffins,3,4678,40
Wooden Toy Train Set,2,4184,21
Chickpea Salad Deluxe,4,2082,49
Ground Cinnamon,2,3098,151
Vintage Graphic Tee,3,4694,164
Outdoor Fire Pit,3,2716,188
Weighted Jump Rope with Counter,4,2787,44
Savory Mushroom Risotto,1,4120,159
Ultra-Thin Laptop Sleeve,2,3849,124
Ginger Tea,4,4057,71
Portable Solar Phone Charger,4,3370,134
Honey mustard chicken tenders,2,180,86
Multi-Purpose Scissors,1,683,38
Chocolate Mint Cookies,4,516,64
Linen Trousers,3,4288,127
Steak Seasoning Rub,3,2093,57
Chickpea Flour,1,2492,103
Wildflower Honey,3,1588,119
Children's Gardening Set,3,2379,50
Homestyle Beef Stew,4,4449,90
Canned Black Beans,3,753,119
Cranberry Orange Oatmeal,3,4252,167
Hummus,2,481,102
Electric Griddle with Removable Plates,2,473,154
Spinach Artichoke Dip,1,3394,35
Fried Rice,3,3885,99
Blue Denim Jeans,2,3990,70
Deluxe First Aid Kit,4,4738,22
Tabletop Fire Pit,4,1966,16
Beef Tacos,4,2806,144
Pumpkin Spice Pancake Mix,3,1914,52
Personal Blender with Travel Cup,2,3930,174
Cauliflower Crust Pizza,1,1082,53
Set of Herb Garden Markers,4,215,35
Fitness Balance Ball,4,2292,67
Body Wash,3,1396,72
Pet Reflective Vest,1,2109,160
Chili Lime Shrimp,1,3744,125
Toilet Paper (12 rolls),1,4897,155
Banana Nut Oatmeal Cups,2,908,159
Basil Tomato Soup,4,573,64
Canvas High-Top Sneakers,3,103,145
Pocket Blanket,3,2926,32
Weighted Blanket,1,3160,186
Casual Cropped Sweater,2,2113,59
Vegetable Stir Fry Mix,1,3349,90
Maple Cinnamon Granola,4,4818,100
Wireless Security Camera,4,3839,59
Portable Pet Bathing Tool,1,4331,187
Over-the-Door Hooks,4,1685,95
Cabbage Slaw Mix,2,4042,74
Pistachios,2,209,193
Animal Paw Print Soap Dispenser,2,1030,169
Lemon Herb Chicken,4,674,102
Glass Food Containers,2,2640,150
Pumpkin Spice Latte Mix,3,3706,179
Organic Black Rice,4,4104,77
Coconut Flakes,1,2535,40
Sweetened Condensed Milk,3,4051,84
Bamboo Cutting Board Set,1,4902,97
Multi-Functional Rice Cooker,3,4900,83
Home Office Chair,2,3719,179
Surimi Crab Sticks,4,2404,73
Frozen Acai Purée,3,3713,63
Fitness Jump Rope with LCD Counter,3,4028,21
Hot Salsa,4,4142,121
Cucumber,1,4805,12
Tuna Fish (canned),2,3963,114
Portable Water Filter,2,659,79
Sushi Roll Kit,1,3525,36
Frozen Acai Purée,3,4738,113
Buffalo Cauliflower Bites,1,3558,121
Tropical Fruit Bowl,2,1984,48
Sweet Potato Fries,1,2619,126
Sliced Bread,4,3018,96
Self-Massaging Pillow,4,4696,83
Animal Paw Print Soap Dispenser,2,2577,16
Electric Fondue Pot,2,4316,192
Maple Breakfast Sausage,1,3957,89
Biodegradable Trash Bags,4,3315,161
Electric Pressure Washer,2,2347,99
Casual Long Cardigan,3,217,160
Ice Cube Tray with Lid,4,302,37
Digital Wireless Meat Thermometer,2,2412,84
Blackberry Compote,2,606,44
Lightweight Workout Tank,3,4027,107
Sliced Bread,2,910,138
High-Quality Yoga Block,4,977,64
Sriracha Honey Glaze,4,2024,193
Sweet Chili Dipping Sauce,3,3512,131
Vegetable Samosas,1,1343,63
Frozen Berry Blend,1,3361,45
Apple Juice,3,757,96
Eco-Friendly Stainless Steel Straws,1,4008,29
Classic Black Dress,3,976,149
Adjustable Pet Grooming Table,1,101,185
Insulated Cooler,1,4403,27
Organic Cucumber,2,4246,108
Adjustable Laptop Stand,3,4020,125
Slim Wallet,1,4033,23
Smoked Salmon,3,854,184
Vegetable Spring Rolls,1,3408,118
Car Diagnostic Scanner,3,1358,112
Active Racerback Tank,4,387,100
Italian Marinara Sauce,3,3679,130
Fitness Jump Box,1,1263,47
Cheese Stuffed Jalapenos,4,2792,78
Savory Oatmeal,1,1308,56
Maple Pecan Granola,4,4477,63
Dual Function Electric Skillet,2,2205,36
Chickpeas,2,4487,50
Suede Ankle Booties,1,3967,186
Zucchini,2,1214,166
Luminous Night Light,1,302,169
Herb Seasoned Rice,1,354,67
Organic Coconut Flakes,1,2517,44
Foot Massager Machine,2,2818,164
Travel Luggage Scale,1,4102,131
Electric Skillet,2,3371,107
Mini Waffle Maker,1,3814,161
Organic Cucumber,2,2515,155
Spicy Roasted Nuts,2,2334,191
Compact Folding Table,4,3562,194
Coconut Water,1,4378,32
Garlic Herb Grilled Chicken,3,3184,28
Crispy Chickpeas,1,3787,73
Habanero Hot Sauce,3,612,64
Compact Pop-Up Tent,4,3833,30
Organic Whole Wheat Flour,3,856,23
Rice Pilaf Mix,4,4035,140
Vegetarian Chili,1,4982,146
Frozen Berry Medley,4,525,86
Handheld Shower Head,2,2781,191
Puzzle 3D Model Kit,3,565,156
Classic Cheesecake Mix,4,3867,104
Over-the-Door Shoe Organizer,1,4500,174
Electric Stool Heater,2,1133,66
Coconut Lime Rice,4,204,132
Ultra-Thin Laptop Sleeve,4,743,134
Honey Mustard Dip,4,918,195
Cotton Tote Bag Set,1,3502,14
Kids Tablet,2,3713,168
Self-Cleaning Cat Litter Box,3,517,167
Almond Joy Snack Bars,4,1810,145
Roasted Vegetable Medley,2,3767,10
Lemon Garlic Shrimp,3,579,96
Tahini,2,4120,30
Honey Garlic Shrimp,4,4833,140
Digital Drawing Tablet,3,1103,174
Stuffed Bell Peppers,2,2029,200
Salsa Verde,4,1959,200
Peanut Butter Banana Smoothie Mix,1,3630,101
Sunglasses Case,4,2178,90
Smart Light Switch,3,4355,198
Spinach and Ricotta Ravioli,4,2352,128
Artisan Pickles,1,3841,66
Compressed Towel Tablets,1,3014,187
Pet Reflective Vest,2,2789,108
Oven-Baked Parmesan Zucchini,3,4561,80
Warm Knit Beanie,1,4527,108
Cinnamon Ice Cream,4,4729,64
Pumpkin Spice Latte Mix,1,4523,52
Sea Salt Tortilla Chips,4,2988,191
Italian Breadsticks,4,3970,77
Coconut Curry Chicken,4,2600,47
Heated Throw Blanket,4,2392,41
Graphic Hoodie,4,2208,115
Vegetable Stir-Fry Kit,2,2868,47
Wireless Range Extender,3,3491,12
Puffed Rice Cake,2,4868,123
Pine Nuts,3,3112,91
Italian Sausage and Peppers,1,569,194
Baking Powder,2,2195,37
Ankle Boots,4,2046,145
Spicy Thai Noodles,3,3869,79
Portable Phone Charger,3,1104,44
Chickpea Salad,3,542,152
Silicone Baking Mat Set,2,672,163
Tomato Basil Pasta Sauce,4,630,143
Car Vacuum,1,4283,25
Sriracha Honey Glaze,1,3700,143
Wooden Kitchen Utensil Set,2,1525,99
Caramelized Onion Dip,2,1208,158
Vegetable Lentil Soup,3,2117,30
Almond Milk,4,3081,60
Kids Tablet,4,2028,88
Organic Quinoa Salad,4,4865,92
Noise-Canceling Earbuds,2,2900,14
Low-Fat Cottage Cheese,1,2099,140
Sweet and Sour Sauce,1,2940,43
Linen Trousers,4,2106,46
Non-Stick Grill Pan,4,1748,61
Jigsaw Puzzle,4,3284,44
Chocolate Mint Cookies,1,786,11
Natural Peanut Butter,4,3492,47
Blueberry Muffin Mix,3,1986,34
Peach Fruit Cups,3,772,179
Whole Roasted Chicken,4,326,152
Digital Wireless Camera,1,4785,153
Fitness Tracker Watch,4,2195,92
Smart Air Purifier,2,4613,57
Baby Safety Corner Guards,1,834,55
Board Game Storage,1,4581,33
Mini Hand Gesture Drone,4,677,168
Bamboo Cutting Board,2,2556,50
Mobile Workbench,2,1904,144
Zucchini Noodles,2,2861,199
Baking Powder,4,2616,159
Chipotle Seasoning Blend,2,4113,47
Laptop Sleeve,3,1657,155
Honey Lemon Tea,4,333,167
Oven-Baked Chicken Tenders,3,1409,45
Cotton Basic Tank,4,3531,157
Almond Flour Biscuits,1,1579,32
Thai Peanut Noodles,3,2520,175
Sweet Potato and Chickpea Bowl,3,626,96
Portable Speaker Stand,2,3587,44
Veggie Burger Patties,3,1396,85
Applewood Smoked Bacon,2,4884,10
Indoor Grill,4,1785,132
Cinnamon Spiced Almonds,4,1822,80
Digital Stopwatch Timer,1,3887,188
Tuscan Bean Soup,3,1465,172
Wild Rice Pilaf,3,532,158
Weighted Blanket for Adults,2,1063,16
Savory Rice Cakes,1,1310,106
Stainless Steel Straws,1,2345,117
Vegetable Lasagna,2,4658,104
Artisan Cornbread Mix,3,4364,121
Adjustable Pedicure Footrest,3,566,154
Pet Activity Tracker,3,1338,10
Non-Stick Baking Sheet,2,960,176
Watercolor Brush Pens,1,1129,155
Savory Italian Herbs,4,2642,104
Portable Laptop Table,3,1502,61
Savory Oats,3,4926,24
Two-Tone Windbreaker,3,4670,126
Chili Lime Corn Chips,1,272,67
Camera Lens Cleaning Kit,3,230,175
Mayonnaise,3,4741,190
Portable Camping Shower,4,1910,15
Breezy Off-The-Shoulder Top,4,4904,110
Pineapple Rings,3,4232,144
Vegan chocolate chip cookies,1,3626,176
Almond Butter,1,2951,150
Pumpkin Spice Coffee,2,4727,25
Electric Heating Pad,3,4092,47
Backpack,2,4538,192
Bicycle Repair Kit,2,3411,161
Bamboo Memory Foam Pillow,2,4069,25
Luxury Bathrobe,1,3458,145
Heart-Shaped Baking Molds,1,3844,79
Stick Vacuums Cleaner,2,2066,44
Strawberry Banana Smoothie Pack,4,4476,182
High-Pressure Handheld Shower Head,2,604,180
Taro Chips,1,3474,142
Teriyaki Chicken Skewers,3,4996,165
Rice Pilaf Mix,2,307,21
Creamy Tomato Basil Soup,4,2544,78
Vegan Taco Seasoning,1,4256,193
Creamy Spinach Dip,4,2134,134
Portable Hammock with Stand,2,2514,133
Tomato Paste,3,4788,47
Kids' Craft Supplies Set,3,1578,17
Spinach and Feta Stuffed Chicken Breast,4,4336,88
Fitness Tracker Band,4,2497,186
Plaid Flannel Shirt,2,1418,19
Trendy Bomber Jacket,4,205,142
Zucchini,4,1771,29
Chocolate Fudge Brownie Mix,2,4600,62
Banana Nut Muffins,3,2504,145
Field Journal,4,2744,136
Chickpea Pasta,4,2642,112
Tea Infuser Bottle,2,4772,19
Chocolate Mint Protein Shake,2,4632,143
Bike Repair Tool Kit,1,1848,143
Self-Inflating Camping Mattress,3,2405,154
Reversible Swimming Pool Lounger,1,3426,152
Peanut Butter Pretzel Nuggets,3,4719,181
Organic Cucumber,4,456,52
Lentil Soup (canned),1,150,178
Fitness Tracker Watch,2,4725,67
Microfiber Cleaning Cloths,4,943,113
Almond Flour Pancake Mix,4,646,160
Wine Glasses,4,1989,130
Tomatillo Salsa,2,2275,73
Organic Apples,4,3518,67
Magnetic Phone Case,3,2951,175
Pet Camera with Treat Dispenser,1,4707,190
Electric Kettle,2,3076,31
Whipped Cream Cheese,4,1825,181
Air Fryer Oven,1,3074,63
Marinated Artichokes,1,574,194
Buffalo Stilton Cheese,2,4969,30
Scented Soy Candles,3,4475,35
Beef Stew Meat,2,1435,53
Portable Pet Water Bottle,4,3563,139
Fitness Jump Rope with LCD Counter,2,4023,116
Portable Projector,2,1238,170
Digital Camera,2,4900,191
Chocolate Almond Milk,1,275,104
Measuring Cups Set,3,1589,184
Balsamic Glazed Brussels Sprouts,3,3868,156
Pet Grooming Kit,4,994,96
Smart Light Bulbs,2,4226,29
Pressure Washer Accessories Kit,4,3861,116
Gingerbread House Kit,3,817,135
Knitted Infinity Scarf,2,4276,106
Tennis Racket,2,3773,137
Organic Quinoa Salad,4,1930,38
Honey Garlic Sauce,3,2414,119
Electric Griddle with Removable Plates,4,1118,163
Canvas Tote Bag,4,3869,140
Mini Waffle Maker,1,405,47
White Rice,4,3833,23
Taro Chips,3,1553,54
Adjustable Bar Stools,4,786,84
Himalayan Pink Salt,1,3558,128
Travel Makeup Organizer,3,4706,161
Oven Mitts,3,3918,193
Personalized Keychain,3,4758,99
LED Flashing Pet Collar,2,2227,58
Collapsible Water Bottle,1,1640,43
Lemonade Mix,3,586,135
Peanut Butter Chocolate Chip Bars,3,1653,165
Samoas Cookie Mix,1,3036,174
Vegetable Pizza Rolls,3,4655,106
Portable Pet Water Bottle,3,2445,13
Instant Mashed Potatoes,2,4403,165
Apple Sauce,2,295,91
Collapsible Storage Crates,4,2386,173
Legging Pants,2,3516,30
Buffalo Chicken Wraps,4,3218,84
Inflatable Pool Float,4,4334,164
Pumpkin Puree,1,1767,140
Induction Cooktop,1,3111,95
Pet Nail Clipper,3,1661,171
Cotton Quilted Throw Blanket,3,4633,66
Whole Grain Cereal,4,4353,145
Board Game Storage,2,1153,169
Smartphone Tripod,2,819,101
Peanut Butter Banana Smoothie Mix,2,3300,87
Vegetable Samosas,4,4072,191
Wireless Security Camera,1,4037,136
Rechargeable Laptop Battery Pack,3,454,74
Ramen Noodles,2,3962,113
Beef Stroganoff Mix,1,3815,136
Pumpkin Waffles,1,1868,102
Honey Mustard Chicken Breasts,2,2818,157
Window Bird Feeder,4,4901,90
Portable Hammock Swing,1,3521,91
Oven Mitts,3,4622,74
Memory Card,4,4561,18
Mobile Workbench,1,2731,135
Chic Ankle Strap Heels,3,705,176
Sustainable Wooden Toys,3,1558,138
Ginger Turmeric Shots,4,3971,87
Italian Pasta,2,1411,59
Cinnamon Sugar Popcorn,1,4988,79
Camera Lens Cleaning Kit,3,1770,159
Quality Chef Apron,4,4321,200
Gluten-Free Brownies,3,4455,102
Silicone Baking Cups,1,4297,126
Mango Sticky Rice Dessert,4,4585,21
Sketchbook,3,4861,100
Casual Cropped Sweater,3,4317,48
Butternut Squash Ravioli,2,3029,55
Pumpkin Spice Coffee,4,3253,190
Organic Quinoa Chips,3,2646,61
Nut Butter Cups,1,1267,170
Organic Italian Seasoning,3,1721,27
Key Finder,4,2470,173
Smart Plug,3,1306,185
Pet Bed with Removable Cover,1,2433,176
Balsamic Glazed Brussels Sprouts,4,1396,61
High-Quality Yoga Mat,4,4737,59
Yoga Blocks,1,3701,12
Beef Enchilada Casserole,3,1868,145
Tailored Blazer,2,546,58
Chickpea Snack Mix,2,559,125
Fried Rice,4,3513,125
Miso Soup Mix,1,3218,115
Vegetarian Stir Fry Sauce,4,2254,181
Blackberry Jam,1,1519,175
Silicone Cooking Utensils Set,3,2689,47
Pet Travel Bed,1,806,31
Portable Speakers,3,3254,116
Handcrafted Wooden Jewelry Box,2,1124,31
Chipotle Black Bean Burger,1,465,174
Instant Pot,4,920,119
Dog Training Whistle,4,628,112
Waffle Maker,3,1957,96
Stuffed Grape Leaves,2,992,21
Peach & Mango Salsa,2,1070,178
Casual Long Cardigan,3,1309,199
Kids' STEM Robotics Kit,2,2949,64
Roasted Vegetable Medley,2,4770,168
Toy Building Set,2,3300,99
Ginger Turmeric Shots,1,647,97
Portable Pet Stroller,1,1296,176
Strawberry Rhubarb Jam,1,2924,79
Teriyaki Chicken Wings,2,1134,152
Spicy Italian Sausage,3,3340,109
Cauliflower Crust Pizza,4,2391,131
Ceramic Planter Set,2,3859,27
Microfiber Cleaning Cloths,4,3983,182
Plant-Based Protein Bars,2,1228,138
Popcorn Chicken,1,881,95
Window Bird Feeder,3,1327,141
Cotton Basic Tank,4,427,68
Chocolate Coconut Protein Balls,3,2952,167
Smartphone Holder for Car,1,1068,67
Brownie Bites,3,1167,119
Organic Vanilla Bean Ice Cream,4,4339,66
Pita Bread,4,2866,116
Robot Vacuum Cleaner,3,3918,116
Cotton Tote Bag Set,3,3450,112
Electric Razor,4,1912,120
Honey Mustard Pretzel Bites,2,2982,139
Teriyaki Tofu Stir-Fry,1,3904,167
Italian Sausage Links,1,208,123
Instant Mashed Potatoes,2,4908,67
Cereal Dispenser with Portion Control,4,4492,171
Vegan Chocolate Cake Mix,4,4880,121
Baby Monitor,4,2955,110
Baked Falafel,1,2798,29
Kids' Gardening Tools Set,2,378,21
Pineapple Coconut Bars,4,2796,141
Compact Refrigerator,4,2906,28
Warm Knit Beanie,4,808,99
Classic Black Trousers,3,4724,136
Chocolate Mint Thins,3,2330,197
Chocolate Chip Muffins,3,3219,111
Cauliflower Rice Stir-Fry,3,4467,38
Dish Soap Dispenser,4,3697,53
Coconut Bowls Set,2,3017,138
Bluetooth Headphones,1,1904,185
Summer Tank Dress,4,4141,64
Sushi Roll Kit,2,2293,192
Cinnamon Roll Dough,4,1451,134
Non-Stick Crepe Pan,1,2667,33
Vegetable Broth,3,1676,63
Camping Chair with Cooler,1,4633,119
Kombucha Drink,3,4578,192
Tuna Fish (canned),3,4890,190
Travel Orthopedic Pillow,2,4768,188
Lightweight Travel Backpack,1,4915,129
Chickpeas,4,1820,29
Mesh Laundry Bags Set,4,1849,148
Natural Soy Candles,3,190,146
Beef Stroganoff Mix,3,1662,146
Kale & Quinoa Salad Mix,4,1258,54
Organic Baby Spinach,1,3602,182
Oven-Baked Potato Chips,4,1317,61
Waterproof Rain Boots,4,2585,136
Honey BBQ Riblets,3,3691,112
Baby Monitor,1,329,23
Basil-infused Olive Oil,1,2466,135
Indoor Grill,4,2446,182
Savory Oatmeal,2,2199,151
Marinara Sauce,1,3199,127
Sun-Dried Tomatoes,3,2159,77
Jigsaw Puzzle,4,3628,122
Oven-Baked Cheese Crisps,1,716,19
Karaoke Microphone,1,4718,30
Reusable Produce Bags Set,1,4718,195
Balsamic Vinaigrette,4,2753,19
Greek Yogurt,3,2231,146
Chocolate Hazelnut Granola,3,4774,148
Winter Knit Beanie,3,2818,31
Pistachios,1,4078,152
Car Windshield Sun Shade,3,4194,192
Spicy Italian Sausage,3,452,93
Professional Chef Knife,2,4515,84
Essential Oil Diffuser,2,1139,23
Folding Table,2,480,93
Stainless Steel Mixing Bowls,4,4160,129
Travel Pillow,1,4282,48
Vegetable Samosas,1,941,185
Pumpkin Spice Cookies,4,4515,165
Mango Chunks,4,431,198
Reusable Produce Bags Set,2,2296,161
Organic Coconut Yogurt,3,4669,145
Smoked Paprika,2,2528,105
Tailgating Set,3,767,78
Buffalo Chicken Wraps,3,4485,13
Coconut Chips,4,2997,10
Multi-Function Meat Tenderizer,4,228,161
Peach Preserves,1,2281,170
Customizable Name Puzzle,4,3101,149
Mini Fondue Set,4,4940,11
LED Strip Light Kit,1,3283,141
Pumpkin Pancake Mix,4,2401,48
Stainless Steel Travel Mug,3,4312,32
Radish Chips,2,2230,134
Electric Meat Grinder,1,3154,62
Drone,4,3793,29
Classic Minestrone Soup,1,145,44
Oven Mitts with Pocket,2,2760,20
Hot Salsa,1,4348,166
Sports Water Bottle with Infuser,4,2429,182
Frozen Burritos,3,3374,56
Spinach Pizza Rolls,1,393,17
Kids' Science Experiment Kit,1,504,60
Memory Foam Mattress Pad,2,1609,65
Beef Tacos,3,3149,193
Cinnamon Sugar Mix,2,2005,49
Organic Green Lentils,1,2891,121
Dish Rack,4,3084,32
Sooji (Semolina),4,3647,44
Water Bottle with Built-in Fruit Infuser,3,3014,94
